pre2019ULEZ,post2019ULEZ_pre2021ULEZ,post2021ULEZ_pre2023ULEZ,post2023ULEZ
58.16134662842892,35.8923649166774,29.598282961776892,26.829816529693353
