pre2019ULEZ,post2019ULEZ_pre2021ULEZ,post2021ULEZ_pre2023ULEZ,post2023ULEZ
26.984970766081872,12.81405417146513,10.191430374921234,7.244073455759599
