pre2019ULEZ,post2019ULEZ_pre2021ULEZ,post2021ULEZ_pre2023ULEZ,post2023ULEZ
24.209810587663913,20.261930091185413,22.198326359832635,21.420454545454547
