pre2019ULEZ,post2019ULEZ_pre2021ULEZ,post2021ULEZ_pre2023ULEZ,post2023ULEZ
16.31501014198783,10.851072972295489,9.25195019277123,8.229252625041834
